 siteid,sitename,monitordate,aqi,so2subindex,cosubindex,o3subindex,pm10subindex,no2subindex,o38subindex,pm25subindex
139,員林,2025-07-01,65,12,2,,42,17,48,65
85,大城,2025-07-01,48,6,1,,35,19,39,48
84,富貴角,2025-07-01,24,19,0,,12,17,24,13
83,麥寮,2025-07-01,51,51,1,,42,36,,35
80,關山,2025-07-01,25,0,0,,25,24,17,13
78,馬公,2025-07-01,47,6,1,,23,12,47,32
77,金門,2025-07-01,61,12,1,,30,31,61,36
75,馬祖,2025-07-01,33,0,0,,33,12,26,30
72,埔里,2025-07-01,58,12,2,,37,21,58,40
71,復興,2025-07-01,44,12,5,,30,43,,44
70,永和,2025-07-01,21,6,2,,13,21,,15
69,竹山,2025-07-01,55,6,1,,43,10,51,55
68,中壢,2025-07-01,59,6,10,,45,59,,57
67,三重,2025-07-01,43,6,7,,18,43,,27
66,冬山,2025-07-01,23,6,1,,23,12,20,17
65,宜蘭,2025-07-01,26,6,1,,18,10,17,26
64,陽明,2025-07-01,19,6,0,,18,5,19,5
63,花蓮,2025-07-01,18,12,1,,15,7,17,18
62,臺東,2025-07-01,17,6,1,,17,5,17,12
61,恆春,2025-07-01,19,6,0,,12,2,19,2
60,潮州,2025-07-01,93,19,2,,43,31,93,52
59,屏東,2025-07-01,49,6,2,,43,26,49,48
58,小港,2025-07-01,50,50,3,,40,50,45,48
57,前鎮,2025-07-01,52,12,5,,37,45,,52
56,前金,2025-07-01,48,12,2,,38,48,44,39
54,左營,2025-07-01,43,6,2,,35,29,43,43
53,楠梓,2025-07-01,49,6,2,,43,38,43,49
52,林園,2025-07-01,61,38,2,,50,21,61,59
51,大寮,2025-07-01,59,19,2,,50,31,28,59
50,鳳山,2025-07-01,58,12,5,,42,26,,58
49,仁武,2025-07-01,54,12,2,,42,38,44,54
48,橋頭,2025-07-01,55,12,2,,42,24,43,55
47,美濃,2025-07-01,43,6,1,,37,10,43,35
46,臺南,2025-07-01,37,0,2,,33,24,37,36
45,安南,2025-07-01,37,0,2,,28,31,37,34
44,善化,2025-07-01,37,19,1,,25,17,35,37
43,新營,2025-07-01,34,19,1,,33,29,33,34
42,嘉義,2025-07-01,43,6,1,,37,14,43,28
41,臺西,2025-07-01,32,6,1,,32,14,,31
40,朴子,2025-07-01,38,0,1,,37,24,38,35
39,新港,2025-07-01,52,19,2,,52,36,40,44
38,崙背,2025-07-01,54,12,1,,47,21,38,54
37,斗六,2025-07-01,52,12,1,,38,19,51,52
36,南投,2025-07-01,54,6,1,,42,19,54,50
35,二林,2025-07-01,62,6,1,,55,31,40,62
34,線西,2025-07-01,47,6,1,,42,19,,47
33,彰化,2025-07-01,58,38,2,,43,26,37,58
32,西屯,2025-07-01,55,31,1,,52,31,45,55
31,忠明,2025-07-01,56,31,2,,43,29,48,56
30,大里,2025-07-01,67,12,2,,45,31,67,62
29,沙鹿,2025-07-01,53,12,1,,42,19,38,53
28,豐原,2025-07-01,71,12,5,,37,21,71,53
27,三義,2025-07-01,55,12,2,,40,31,51,55
26,苗栗,2025-07-01,80,12,2,,32,24,80,49
25,頭份,2025-07-01,54,19,2,,40,21,,54
24,新竹,2025-07-01,67,6,2,,28,33,67,43
23,竹東,2025-07-01,97,12,2,,35,14,97,48
22,湖口,2025-07-01,64,6,1,,27,38,64,52
21,龍潭,2025-07-01,115,12,2,,40,29,115,61
20,平鎮,2025-07-01,100,6,2,,40,29,100,53
19,觀音,2025-07-01,71,19,2,,33,43,71,52
18,大園,2025-07-01,58,12,2,,37,45,58,38
17,桃園,2025-07-01,90,38,2,,30,40,90,42
16,大同,2025-07-01,43,6,10,,25,43,,25
15,松山,2025-07-01,21,6,1,,8,21,15,16
14,古亭,2025-07-01,15,0,1,,15,12,15,8
13,萬華,2025-07-01,24,6,1,,15,24,16,6
12,中山,2025-07-01,25,0,2,,25,21,15,20
11,士林,2025-07-01,19,6,1,,12,10,19,12
10,淡水,2025-07-01,44,6,1,,30,10,44,17
9,林口,2025-07-01,46,12,2,,20,38,46,37
8,菜寮,2025-07-01,24,6,1,,20,24,19,13
7,新莊,2025-07-01,40,12,2,,20,40,22,21
6,板橋,2025-07-01,40,6,2,,13,40,21,8
5,土城,2025-07-01,36,0,3,,35,36,20,30
4,新店,2025-07-01,19,0,1,,15,14,19,13
2,汐止,2025-07-01,26,0,1,,12,26,17,19
1,基隆,2025-07-01,17,6,1,,10,7,17,7
139,員林,2025-06-30,46,31,2,,28,21,46,40
85,大城,2025-06-30,42,6,1,,37,19,37,42
84,富貴角,2025-06-30,21,6,1,,10,10,21,12
83,麥寮,2025-06-30,35,19,2,,35,21,,29
80,關山,2025-06-30,22,0,1,,22,10,15,11
78,馬公,2025-06-30,46,6,1,,12,10,46,15
77,金門,2025-06-30,44,12,1,,18,26,44,24
75,馬祖,2025-06-30,27,6,0,,22,10,27,25
72,埔里,2025-06-30,58,6,2,,28,17,58,23
71,復興,2025-06-30,59,25,5,,25,59,,44
70,永和,2025-06-30,31,6,5,,12,31,,16
69,竹山,2025-06-30,58,6,1,,42,12,58,46
68,中壢,2025-06-30,62,12,9,,30,62,,43
67,三重,2025-06-30,45,6,7,,13,45,,28
66,冬山,2025-06-30,20,6,1,,20,12,17,18
65,宜蘭,2025-06-30,18,6,1,,18,7,16,17
64,陽明,2025-06-30,23,6,0,,13,2,23,6
63,花蓮,2025-06-30,19,19,1,,13,7,19,12
62,臺東,2025-06-30,19,0,1,,12,7,19,6
61,恆春,2025-06-30,18,6,0,,8,2,18,
60,潮州,2025-06-30,122,44,5,,52,26,122,57
59,屏東,2025-06-30,102,44,3,102,42,43,101,48
58,小港,2025-06-30,54,38,3,,33,54,44,43
57,前鎮,2025-06-30,59,25,5,,33,59,,45
56,前金,2025-06-30,54,25,3,,37,29,54,40
54,左營,2025-06-30,48,25,3,,35,38,48,43
53,楠梓,2025-06-30,64,12,2,,42,38,64,46
52,林園,2025-06-30,74,31,3,,47,26,74,56
51,大寮,2025-06-30,57,38,5,,51,48,51,57
50,鳳山,2025-06-30,50,25,5,,32,50,,46
49,仁武,2025-06-30,54,12,2,,35,33,54,42
48,橋頭,2025-06-30,58,12,2,,37,19,58,50
47,美濃,2025-06-30,45,6,1,,32,10,45,27
46,臺南,2025-06-30,48,6,2,,33,26,48,38
45,安南,2025-06-30,48,6,2,,30,21,48,36
44,善化,2025-06-30,48,19,1,,28,12,48,42
43,新營,2025-06-30,44,12,1,,38,10,41,44
42,嘉義,2025-06-30,46,19,1,,30,21,46,28
41,臺西,2025-06-30,36,12,1,,33,21,,36
40,朴子,2025-06-30,42,12,1,,33,14,42,39
39,新港,2025-06-30,47,12,2,,47,29,45,45
38,崙背,2025-06-30,47,6,1,,43,21,36,47
37,斗六,2025-06-30,54,6,1,,42,14,54,50
36,南投,2025-06-30,61,19,3,,35,26,61,35
35,二林,2025-06-30,55,12,2,,51,26,36,55
34,線西,2025-06-30,25,6,1,,25,19,,23
33,彰化,2025-06-30,36,25,2,,25,29,33,36
32,西屯,2025-06-30,40,19,2,,32,36,40,38
31,忠明,2025-06-30,40,19,2,,27,40,40,33
30,大里,2025-06-30,47,12,3,,32,36,47,44
29,沙鹿,2025-06-30,54,50,2,,28,54,38,33
28,豐原,2025-06-30,45,25,2,,27,26,45,23
27,三義,2025-06-30,41,6,1,,20,17,41,23
26,苗栗,2025-06-30,48,6,1,,18,19,48,22
25,頭份,2025-06-30,23,6,1,,23,14,,22
24,新竹,2025-06-30,50,6,2,,18,38,50,23
23,竹東,2025-06-30,67,6,2,,27,19,67,24
22,湖口,2025-06-30,51,6,1,,15,24,51,32
21,龍潭,2025-06-30,97,12,2,,27,26,97,45
20,平鎮,2025-06-30,71,6,2,,28,38,71,35
19,觀音,2025-06-30,49,44,1,,20,38,49,36
18,大園,2025-06-30,49,19,2,,28,36,49,25
17,桃園,2025-06-30,64,25,2,,27,40,64,39
16,大同,2025-06-30,45,6,11,,22,45,,21
15,松山,2025-06-30,29,12,1,,15,29,9,15
14,古亭,2025-06-30,19,6,1,,15,19,14,10
13,萬華,2025-06-30,33,6,2,,17,33,12,6
12,中山,2025-06-30,29,6,2,,22,29,12,16
11,士林,2025-06-30,17,6,1,,12,17,14,4
10,淡水,2025-06-30,50,12,1,,50,19,19,16
9,林口,2025-06-30,43,12,2,,17,43,35,32
8,菜寮,2025-06-30,31,6,2,,15,31,16,12
7,新莊,2025-06-30,45,19,2,,25,45,20,26
6,板橋,2025-06-30,38,6,3,,17,38,19,13
5,土城,2025-06-30,33,0,2,,30,33,19,25
4,新店,2025-06-30,19,0,1,,17,19,16,7
2,汐止,2025-06-30,26,6,1,,8,26,12,15
1,基隆,2025-06-30,14,6,1,,7,12,14,3
139,員林,2025-06-29,39,25,2,,22,26,39,34
85,大城,2025-06-29,35,6,1,,32,14,34,35
84,富貴角,2025-06-29,26,6,1,,8,12,26,14
83,麥寮,2025-06-29,35,12,1,,35,17,,29
80,關山,2025-06-29,28,6,0,,28,10,13,18
78,馬公,2025-06-29,38,6,1,,10,7,38,9
77,金門,2025-06-29,26,25,1,,15,26,25,12
75,馬祖,2025-06-29,32,6,0,,22,17,31,32
72,埔里,2025-06-29,31,6,2,,25,12,31,26
71,復興,2025-06-29,50,12,3,,20,50,,32
70,永和,2025-06-29,33,0,2,,13,33,,19
69,竹山,2025-06-29,44,12,1,,35,12,44,36
68,中壢,2025-06-29,45,12,7,,23,45,,37
67,三重,2025-06-29,51,6,7,,13,51,,33
66,冬山,2025-06-29,21,19,2,,20,14,21,21
65,宜蘭,2025-06-29,19,6,1,,10,7,19,18
64,陽明,2025-06-29,19,12,0,,12,7,19,12
63,花蓮,2025-06-29,38,38,1,,17,12,19,22
62,臺東,2025-06-29,17,6,1,,15,7,17,12
61,恆春,2025-06-29,19,0,0,,8,2,19,5
60,潮州,2025-06-29,52,19,2,,45,14,50,52
59,屏東,2025-06-29,47,19,2,,33,19,47,44
58,小港,2025-06-29,45,6,2,,25,38,45,35
57,前鎮,2025-06-29,48,12,3,,25,48,,36
56,前金,2025-06-29,45,6,3,,32,36,45,37
54,左營,2025-06-29,45,12,2,,32,33,45,42
53,楠梓,2025-06-29,44,6,2,,33,29,44,40
52,林園,2025-06-29,54,12,2,,43,17,54,54
51,大寮,2025-06-29,57,50,2,,42,26,45,57
50,鳳山,2025-06-29,46,6,3,,28,24,,46
49,仁武,2025-06-29,46,12,2,,28,31,46,40
48,橋頭,2025-06-29,48,6,1,,30,21,45,48
47,美濃,2025-06-29,41,0,1,,33,10,41,32
46,臺南,2025-06-29,42,12,2,,25,33,42,36
45,安南,2025-06-29,42,12,2,,25,24,42,33
44,善化,2025-06-29,40,19,1,,25,14,40,38
43,新營,2025-06-29,40,6,1,,35,17,40,38
42,嘉義,2025-06-29,44,12,1,,28,14,44,34
41,臺西,2025-06-29,27,12,1,,27,17,,27
40,朴子,2025-06-29,40,6,1,,35,14,36,40
39,新港,2025-06-29,56,25,2,,48,29,37,56
38,崙背,2025-06-29,52,12,2,,48,21,31,52
37,斗六,2025-06-29,48,6,1,,35,24,46,48
36,南投,2025-06-29,46,6,2,,28,19,46,32
35,二林,2025-06-29,45,19,2,,40,24,34,45
34,線西,2025-06-29,27,19,2,,22,24,,27
33,彰化,2025-06-29,30,19,1,,18,26,30,27
32,西屯,2025-06-29,34,6,2,,27,31,34,30
31,忠明,2025-06-29,34,6,2,,22,31,34,33
30,大里,2025-06-29,41,6,2,,22,21,39,41
29,沙鹿,2025-06-29,51,6,1,,17,51,32,19
28,豐原,2025-06-29,38,12,2,,18,14,38,21
27,三義,2025-06-29,35,6,1,,15,19,35,20
26,苗栗,2025-06-29,36,12,1,,13,12,36,19
25,頭份,2025-06-29,22,12,1,,22,17,,17
24,新竹,2025-06-29,56,6,2,,17,56,35,25
23,竹東,2025-06-29,37,12,1,,28,14,37,26
22,湖口,2025-06-29,34,12,1,,15,29,33,34
21,龍潭,2025-06-29,36,12,2,,23,26,36,35
20,平鎮,2025-06-29,33,12,2,,22,33,33,28
19,觀音,2025-06-29,38,38,1,,20,36,27,35
18,大園,2025-06-29,40,12,1,,25,40,29,22
17,桃園,2025-06-29,40,38,2,,18,40,28,26
16,大同,2025-06-29,52,6,10,,23,52,,23
15,松山,2025-06-29,29,6,1,,15,29,15,16
14,古亭,2025-06-29,17,0,1,,10,17,16,13
13,萬華,2025-06-29,31,6,2,,13,31,15,7
12,中山,2025-06-29,26,0,2,,15,26,16,19
11,士林,2025-06-29,26,6,1,,13,26,19,15
10,淡水,2025-06-29,29,19,2,,25,29,21,19
9,林口,2025-06-29,38,12,2,,13,38,29,29
8,菜寮,2025-06-29,38,6,2,,15,38,19,15
7,新莊,2025-06-29,33,19,2,,17,33,26,32
6,板橋,2025-06-29,29,12,2,,13,29,26,13
5,土城,2025-06-29,32,12,2,,28,31,30,32
4,新店,2025-06-29,19,6,1,,12,19,18,6
2,汐止,2025-06-29,26,0,1,,12,26,17,21
1,基隆,2025-06-29,17,6,1,,10,14,17,3
139,員林,2025-06-28,41,19,1,,23,26,41,35
85,大城,2025-06-28,50,12,1,,35,19,50,35
84,富貴角,2025-06-28,31,31,1,,10,14,31,17
83,麥寮,2025-06-28,38,25,1,,38,21,,26
80,關山,2025-06-28,22,6,0,,22,10,19,12
78,馬公,2025-06-28,38,0,1,,13,38,37,19
77,金門,2025-06-28,50,50,1,,12,43,25,13
75,馬祖,2025-06-28,39,0,1,,30,14,36,39
72,埔里,2025-06-28,40,6,1,,20,12,40,14
71,復興,2025-06-28,33,6,2,,17,33,,23
70,永和,2025-06-28,48,6,6,,20,48,,27
69,竹山,2025-06-28,44,6,1,,32,12,44,29
68,中壢,2025-06-28,52,6,6,,22,52,,22
67,三重,2025-06-28,54,6,9,,23,54,,35
66,冬山,2025-06-28,27,6,3,,27,21,22,20
65,宜蘭,2025-06-28,24,0,1,,12,10,24,18
64,陽明,2025-06-28,21,12,0,,10,7,21,15
63,花蓮,2025-06-28,24,6,1,,10,7,24,15
62,臺東,2025-06-28,19,0,1,,10,7,19,10
61,恆春,2025-06-28,21,0,0,,7,2,21,6
60,潮州,2025-06-28,48,12,1,,30,17,48,28
59,屏東,2025-06-28,67,25,2,,32,19,67,24
58,小港,2025-06-28,45,6,1,,23,43,45,24
57,前鎮,2025-06-28,36,12,2,,22,36,,24
56,前金,2025-06-28,49,6,2,,28,38,49,21
54,左營,2025-06-28,52,12,5,,27,52,46,29
53,楠梓,2025-06-28,47,19,2,,35,38,47,34
52,林園,2025-06-28,97,38,2,,37,21,97,33
51,大寮,2025-06-28,84,65,2,,35,33,84,38
50,鳳山,2025-06-28,35,6,3,,28,29,,35
49,仁武,2025-06-28,51,6,2,,25,29,51,24
48,橋頭,2025-06-28,47,6,1,,27,17,47,28
47,美濃,2025-06-28,44,6,1,,28,10,44,19
46,臺南,2025-06-28,42,6,2,,25,24,42,32
45,安南,2025-06-28,43,12,2,,23,26,43,23
44,善化,2025-06-28,43,19,1,,22,21,43,35
43,新營,2025-06-28,45,12,2,,35,17,45,39
42,嘉義,2025-06-28,45,12,1,,23,21,45,30
41,臺西,2025-06-28,35,31,1,,32,29,,35
40,朴子,2025-06-28,49,25,1,,37,24,49,44
39,新港,2025-06-28,45,12,2,,45,26,44,36
38,崙背,2025-06-28,47,6,1,,47,24,40,46
37,斗六,2025-06-28,45,12,1,,32,17,45,36
36,南投,2025-06-28,48,12,2,,25,26,48,21
35,二林,2025-06-28,43,19,1,,43,21,41,34
34,線西,2025-06-28,22,12,1,,22,19,,18
33,彰化,2025-06-28,33,12,1,,17,24,33,23
32,西屯,2025-06-28,39,6,1,,25,29,39,25
31,忠明,2025-06-28,37,6,2,,20,31,37,27
30,大里,2025-06-28,41,12,2,,20,21,41,30
29,沙鹿,2025-06-28,60,6,2,,23,60,40,27
28,豐原,2025-06-28,40,6,1,,15,17,40,15
27,三義,2025-06-28,37,0,1,,13,14,37,17
26,苗栗,2025-06-28,39,6,1,,10,14,39,21
25,頭份,2025-06-28,20,6,1,,20,12,,13
24,新竹,2025-06-28,43,6,2,,17,43,40,23
23,竹東,2025-06-28,37,12,1,,22,17,37,16
22,湖口,2025-06-28,38,0,1,,12,38,33,23
21,龍潭,2025-06-28,38,12,1,,22,26,38,31
20,平鎮,2025-06-28,34,0,1,,20,26,34,18
19,觀音,2025-06-28,54,51,2,,27,54,31,33
18,大園,2025-06-28,45,6,2,,22,45,30,9
17,桃園,2025-06-28,40,19,2,,22,40,34,25
16,大同,2025-06-28,54,12,10,,28,54,,35
15,松山,2025-06-28,40,12,2,,18,40,29,25
14,古亭,2025-06-28,36,6,2,,20,36,29,23
13,萬華,2025-06-28,50,6,3,,23,50,26,18
12,中山,2025-06-28,43,6,2,,23,43,25,28
11,士林,2025-06-28,48,12,2,,23,48,26,18
10,淡水,2025-06-28,54,19,5,,25,54,25,21
9,林口,2025-06-28,52,6,2,,18,52,28,31
8,菜寮,2025-06-28,53,12,3,,25,53,29,19
7,新莊,2025-06-28,56,31,3,,25,56,33,38
6,板橋,2025-06-28,52,19,3,,25,52,34,14
5,土城,2025-06-28,38,6,2,,33,38,35,32
4,新店,2025-06-28,33,12,1,,18,29,33,15
2,汐止,2025-06-28,43,19,2,,22,43,31,26
1,基隆,2025-06-28,43,12,2,,18,43,25,15
139,員林,2025-06-27,34,19,2,,15,19,34,18
85,大城,2025-06-27,33,19,1,,33,19,32,25
84,富貴角,2025-06-27,77,12,1,,20,26,77,34
83,麥寮,2025-06-27,28,25,1,,28,24,,12
80,關山,2025-06-27,35,0,1,,35,12,14,15
78,馬公,2025-06-27,33,0,1,,13,12,33,6
77,金門,2025-06-27,51,38,1,,12,51,19,15
75,馬祖,2025-06-27,39,0,0,,23,14,39,28
72,埔里,2025-06-27,34,6,1,,18,17,34,16
71,復興,2025-06-27,60,50,6,,22,60,,22
70,永和,2025-06-27,55,6,9,,28,55,,33
69,竹山,2025-06-27,43,6,1,,28,21,43,19
68,中壢,2025-06-27,54,6,9,,27,54,,32
67,三重,2025-06-27,64,6,10,,30,64,,46
66,冬山,2025-06-27,30,12,2,,30,26,24,21
65,宜蘭,2025-06-27,24,0,1,,15,10,23,24
64,陽明,2025-06-27,35,12,1,,18,24,35,23
63,花蓮,2025-06-27,20,6,1,,12,10,19,20
62,臺東,2025-06-27,21,0,1,,13,10,21,8
61,恆春,2025-06-27,20,0,0,,5,2,20,5
60,潮州,2025-06-27,49,12,1,,35,17,49,28
59,屏東,2025-06-27,45,6,2,,30,33,45,21
58,小港,2025-06-27,58,38,3,,28,58,47,34
57,前鎮,2025-06-27,59,38,7,,28,59,,25
56,前金,2025-06-27,51,6,3,,30,43,51,25
54,左營,2025-06-27,45,6,3,,28,45,44,32
53,楠梓,2025-06-27,51,12,2,,33,51,43,29
52,林園,2025-06-27,45,12,1,,35,21,45,30
51,大寮,2025-06-27,80,80,2,,40,40,48,40
50,鳳山,2025-06-27,40,19,3,,28,40,,38
49,仁武,2025-06-27,51,6,2,,28,51,44,29
48,橋頭,2025-06-27,48,6,2,,33,48,42,32
47,美濃,2025-06-27,39,6,1,,25,12,39,12
46,臺南,2025-06-27,40,6,2,,27,40,38,27
45,安南,2025-06-27,43,25,2,,25,43,38,25
44,善化,2025-06-27,39,31,1,,20,24,39,28
43,新營,2025-06-27,38,12,1,,28,26,38,27
42,嘉義,2025-06-27,37,12,2,,23,26,37,17
41,臺西,2025-06-27,25,12,1,,25,19,,15
40,朴子,2025-06-27,37,12,1,,28,19,37,26
39,新港,2025-06-27,42,19,1,,42,24,41,28
38,崙背,2025-06-27,38,6,1,,38,29,28,31
37,斗六,2025-06-27,41,6,2,,25,29,41,24
36,南投,2025-06-27,46,12,2,,27,21,46,17
35,二林,2025-06-27,33,6,1,,33,21,29,21
34,線西,2025-06-27,51,12,2,,18,51,,11
33,彰化,2025-06-27,31,19,2,,12,31,24,17
32,西屯,2025-06-27,52,6,2,,25,52,25,22
31,忠明,2025-06-27,54,6,5,,20,54,26,23
30,大里,2025-06-27,31,6,2,,20,31,31,25
29,沙鹿,2025-06-27,52,12,2,,17,52,22,11
28,豐原,2025-06-27,25,6,1,,13,19,25,7
27,三義,2025-06-27,19,6,1,,12,17,19,8
26,苗栗,2025-06-27,21,6,1,,7,17,21,9
25,頭份,2025-06-27,19,6,1,,17,19,,10
24,新竹,2025-06-27,43,6,2,,17,43,21,15
23,竹東,2025-06-27,22,6,1,,22,19,22,12
22,湖口,2025-06-27,36,0,1,,13,36,22,18
21,龍潭,2025-06-27,26,6,1,,22,21,26,26
20,平鎮,2025-06-27,48,0,2,,22,48,25,16
19,觀音,2025-06-27,43,38,1,,22,43,26,28
18,大園,2025-06-27,48,6,2,,27,48,24,13
17,桃園,2025-06-27,59,59,5,,28,58,29,29
16,大同,2025-06-27,64,12,14,,32,64,,41
15,松山,2025-06-27,57,31,3,,18,57,36,32
14,古亭,2025-06-27,54,6,3,,25,54,45,29
13,萬華,2025-06-27,62,12,5,,28,62,37,23
12,中山,2025-06-27,59,6,6,,30,59,35,38
11,士林,2025-06-27,50,12,3,,30,50,38,26
10,淡水,2025-06-27,53,12,3,,38,53,34,35
9,林口,2025-06-27,57,31,3,,20,57,28,35
8,菜寮,2025-06-27,62,6,5,,30,62,39,32
7,新莊,2025-06-27,59,50,6,,28,59,38,38
6,板橋,2025-06-27,61,12,6,,27,61,44,22
5,土城,2025-06-27,55,6,3,,40,55,45,37
4,新店,2025-06-27,46,12,2,,23,33,46,25
2,汐止,2025-06-27,52,31,2,,25,52,35,29
1,基隆,2025-06-27,43,12,2,,22,43,33,15
139,員林,2025-06-26,35,12,1,,25,12,35,25
85,大城,2025-06-26,38,6,1,,38,24,31,25
84,富貴角,2025-06-26,51,19,1,,20,12,51,39
83,麥寮,2025-06-26,32,19,1,,32,24,,17
80,關山,2025-06-26,30,0,0,,30,10,14,12
78,馬公,2025-06-26,23,0,1,,13,17,23,10
77,金門,2025-06-26,36,6,0,,8,36,23,13
75,馬祖,2025-06-26,27,0,0,,23,19,27,25
72,埔里,2025-06-26,36,6,1,,20,10,36,
71,復興,2025-06-26,52,25,6,,20,52,,23
70,永和,2025-06-26,58,19,9,,37,58,,48
69,竹山,2025-06-26,43,6,1,,32,10,43,25
68,中壢,2025-06-26,55,12,8,,33,55,,48
67,三重,2025-06-26,60,12,9,,32,60,,58
66,冬山,2025-06-26,28,12,2,,23,26,28,23
65,宜蘭,2025-06-26,34,6,1,,15,10,24,34
64,陽明,2025-06-26,32,6,1,,18,10,32,26
63,花蓮,2025-06-26,19,19,1,,12,10,18,16
62,臺東,2025-06-26,19,0,1,,10,12,19,12
61,恆春,2025-06-26,19,6,0,,2,2,19,
60,潮州,2025-06-26,38,12,1,,30,17,38,18
59,屏東,2025-06-26,46,6,2,,33,29,46,27
58,小港,2025-06-26,51,31,2,,27,51,28,33
57,前鎮,2025-06-26,52,12,6,,28,52,,29
56,前金,2025-06-26,52,6,2,,30,52,39,25
54,左營,2025-06-26,48,12,2,,32,48,41,29
53,楠梓,2025-06-26,45,12,1,,37,45,44,30
52,林園,2025-06-26,38,19,1,,38,21,25,30
51,大寮,2025-06-26,68,68,2,,37,45,31,38
50,鳳山,2025-06-26,43,12,3,,30,43,,36
49,仁武,2025-06-26,51,12,2,,33,51,40,27
48,橋頭,2025-06-26,45,12,1,,30,29,45,36
47,美濃,2025-06-26,42,0,1,,27,12,42,18
46,臺南,2025-06-26,41,6,2,,27,31,41,30
45,安南,2025-06-26,40,12,2,,30,33,40,24
44,善化,2025-06-26,50,50,1,,25,24,38,31
43,新營,2025-06-26,34,6,1,,28,19,34,18
42,嘉義,2025-06-26,40,6,1,,20,21,40,16
41,臺西,2025-06-26,35,6,1,,35,21,,23
40,朴子,2025-06-26,32,6,0,,28,14,32,21
39,新港,2025-06-26,38,12,1,,38,26,36,24
38,崙背,2025-06-26,33,12,1,,33,21,29,31
37,斗六,2025-06-26,40,6,1,,28,17,40,24
36,南投,2025-06-26,38,12,2,,32,21,38,21
35,二林,2025-06-26,37,6,1,,37,24,29,21
34,線西,2025-06-26,23,6,1,,23,14,,19
33,彰化,2025-06-26,26,12,1,,22,17,26,26
32,西屯,2025-06-26,31,12,1,,30,31,31,25
31,忠明,2025-06-26,31,12,2,,22,31,27,22
30,大里,2025-06-26,32,12,2,,27,29,31,32
29,沙鹿,2025-06-26,36,12,1,,23,36,30,14
28,豐原,2025-06-26,29,6,1,,17,10,29,13
27,三義,2025-06-26,27,0,1,,13,12,27,15
26,苗栗,2025-06-26,29,19,1,,13,17,29,18
25,頭份,2025-06-26,24,6,1,,22,24,,20
24,新竹,2025-06-26,36,12,2,,17,36,28,24
23,竹東,2025-06-26,31,12,1,,27,31,29,19
22,湖口,2025-06-26,32,6,1,,17,31,32,26
21,龍潭,2025-06-26,40,12,2,,33,31,34,40
20,平鎮,2025-06-26,39,12,2,,32,36,32,39
19,觀音,2025-06-26,37,6,1,,20,26,37,34
18,大園,2025-06-26,43,12,2,,35,43,40,34
17,桃園,2025-06-26,56,44,3,,35,50,40,56
16,大同,2025-06-26,58,19,10,,33,58,,52
15,松山,2025-06-26,48,19,2,,20,48,34,38
14,古亭,2025-06-26,44,19,2,,33,40,44,41
13,萬華,2025-06-26,54,19,3,,32,54,39,29
12,中山,2025-06-26,52,12,3,,33,52,35,45
11,士林,2025-06-26,42,19,2,,30,26,42,40
10,淡水,2025-06-26,50,12,2,,30,36,50,42
9,林口,2025-06-26,50,19,2,,25,38,50,
8,菜寮,2025-06-26,51,12,3,,35,51,44,46
7,新莊,2025-06-26,49,25,3,,32,38,49,48
6,板橋,2025-06-26,51,19,3,,32,51,49,36
5,土城,2025-06-26,56,12,3,,47,38,48,56
4,新店,2025-06-26,61,19,2,,32,33,61,39
2,汐止,2025-06-26,50,38,2,,27,40,34,50
1,基隆,2025-06-26,38,38,1,,23,31,33,25
139,員林,2025-06-25,38,19,1,,23,21,32,38
85,大城,2025-06-25,42,12,1,,42,24,30,34
84,富貴角,2025-06-25,67,6,2,,25,29,67,44
83,麥寮,2025-06-25,25,12,1,,25,24,,16
80,關山,2025-06-25,18,0,0,,18,5,17,15
78,馬公,2025-06-25,21,6,1,,5,14,21,8
77,金門,2025-06-25,25,19,0,,7,21,25,10
75,馬祖,2025-06-25,35,6,1,,32,14,35,31
72,埔里,2025-06-25,34,6,1,,25,17,34,31
71,復興,2025-06-25,36,31,1,,13,36,,11
70,永和,2025-06-25,59,12,8,,40,59,,56
69,竹山,2025-06-25,36,6,1,,35,12,34,36
68,中壢,2025-06-25,57,12,9,,32,57,,48
67,三重,2025-06-25,66,12,8,,38,66,,61
66,冬山,2025-06-25,42,19,2,,33,29,42,38
65,宜蘭,2025-06-25,38,12,2,,22,12,38,38
64,陽明,2025-06-25,37,6,1,,23,14,37,37
63,花蓮,2025-06-25,28,0,1,,15,7,19,28
62,臺東,2025-06-25,17,0,1,,12,10,16,17
61,恆春,2025-06-25,15,0,0,,3,2,15,4
60,潮州,2025-06-25,28,0,1,,28,19,19,18
59,屏東,2025-06-25,53,6,1,,53,19,23,25
58,小港,2025-06-25,30,6,1,,30,26,12,19
57,前鎮,2025-06-25,36,31,2,,20,36,,17
56,前金,2025-06-25,33,25,1,,18,33,13,10
54,左營,2025-06-25,33,25,2,,20,33,13,19
53,楠梓,2025-06-25,33,12,2,,33,29,19,26
52,林園,2025-06-25,32,31,1,,32,12,16,25
51,大寮,2025-06-25,66,66,1,,30,21,14,26
50,鳳山,2025-06-25,27,25,3,,22,26,,27
49,仁武,2025-06-25,26,25,2,,22,26,19,21
48,橋頭,2025-06-25,37,19,1,,27,24,20,37
47,美濃,2025-06-25,36,6,1,,25,10,36,25
46,臺南,2025-06-25,30,6,2,,20,26,19,30
45,安南,2025-06-25,33,6,2,,22,33,21,24
44,善化,2025-06-25,38,38,1,,22,31,25,31
43,新營,2025-06-25,23,6,2,,23,14,19,23
42,嘉義,2025-06-25,26,25,1,,17,17,26,20
41,臺西,2025-06-25,27,6,1,,27,24,,26
40,朴子,2025-06-25,27,6,1,,27,19,18,27
39,新港,2025-06-25,32,19,2,,32,24,21,25
38,崙背,2025-06-25,33,6,1,,33,24,23,32
37,斗六,2025-06-25,30,12,1,,28,14,30,27
36,南投,2025-06-25,40,6,1,,37,17,37,40
35,二林,2025-06-25,48,6,1,,48,26,27,45
34,線西,2025-06-25,32,12,1,,32,24,,27
33,彰化,2025-06-25,39,38,1,,20,19,28,39
32,西屯,2025-06-25,44,12,1,,35,29,31,44
31,忠明,2025-06-25,40,12,2,,27,26,31,40
30,大里,2025-06-25,51,6,2,,30,24,34,51
29,沙鹿,2025-06-25,55,25,2,,30,55,21,32
28,豐原,2025-06-25,30,6,2,,25,26,29,30
27,三義,2025-06-25,31,12,1,,22,14,28,31
26,苗栗,2025-06-25,33,12,1,,17,33,33,26
25,頭份,2025-06-25,29,12,2,,25,26,,29
24,新竹,2025-06-25,52,19,2,,20,52,27,24
23,竹東,2025-06-25,44,12,1,,25,14,44,29
22,湖口,2025-06-25,40,6,2,,22,40,29,36
21,龍潭,2025-06-25,49,12,1,,28,24,44,49
20,平鎮,2025-06-25,52,6,2,,30,52,37,36
19,觀音,2025-06-25,33,12,1,,18,31,24,33
18,大園,2025-06-25,40,12,2,,30,40,31,29
17,桃園,2025-06-25,55,19,3,,35,54,45,55
16,大同,2025-06-25,64,12,16,,45,64,,64
15,松山,2025-06-25,119,51,5,119,37,54,100,64
14,古亭,2025-06-25,108,6,3,108,42,50,93,55
13,萬華,2025-06-25,64,6,5,,40,55,64,44
12,中山,2025-06-25,61,12,5,,45,55,61,60
11,士林,2025-06-25,56,12,3,,45,38,54,56
10,淡水,2025-06-25,47,12,2,,30,33,31,47
9,林口,2025-06-25,54,19,2,,28,54,35,51
8,菜寮,2025-06-25,52,6,5,,42,52,47,49
7,新莊,2025-06-25,52,12,3,,37,52,44,51
6,板橋,2025-06-25,67,19,5,,37,53,67,48
5,土城,2025-06-25,64,12,3,,51,50,64,64
4,新店,2025-06-25,115,6,3,113,37,40,115,48
2,汐止,2025-06-25,90,38,3,,40,50,90,62
1,基隆,2025-06-25,71,25,2,,33,50,71,52
139,員林,2025-06-24,42,19,1,,28,26,31,42
85,大城,2025-06-24,35,31,1,,33,24,23,35
84,富貴角,2025-06-24,48,6,1,,27,21,48,40
83,麥寮,2025-06-24,29,25,1,,27,29,,16
80,關山,2025-06-24,30,6,1,,27,7,30,25
78,馬公,2025-06-24,22,0,1,,10,19,22,15
77,金門,2025-06-24,45,12,1,,22,19,45,25
75,馬祖,2025-06-24,41,0,1,,37,12,41,41
72,埔里,2025-06-24,31,6,1,,28,14,31,29
71,復興,2025-06-24,29,12,2,,13,29,,22
70,永和,2025-06-24,55,6,9,,38,55,,55
69,竹山,2025-06-24,33,6,1,,28,10,33,27
68,中壢,2025-06-24,60,12,9,,33,60,,46
67,三重,2025-06-24,63,50,9,,43,63,,62
66,冬山,2025-06-24,36,6,2,,30,19,36,34
65,宜蘭,2025-06-24,38,6,1,,22,10,23,38
64,陽明,2025-06-24,48,12,1,,27,14,48,37
63,花蓮,2025-06-24,38,19,1,,22,10,30,38
62,臺東,2025-06-24,32,6,1,,20,12,32,24
61,恆春,2025-06-24,20,6,0,,10,2,20,10
60,潮州,2025-06-24,40,12,1,,25,21,40,29
59,屏東,2025-06-24,31,6,1,,30,24,31,27
58,小港,2025-06-24,38,12,1,,15,38,21,24
57,前鎮,2025-06-24,31,12,1,,18,31,,28
56,前金,2025-06-24,23,6,1,,18,17,23,18
54,左營,2025-06-24,24,6,1,,15,24,22,23
53,楠梓,2025-06-24,31,6,1,,25,31,25,24
52,林園,2025-06-24,30,12,1,,25,17,30,30
51,大寮,2025-06-24,44,44,1,,35,40,20,44
50,鳳山,2025-06-24,31,25,3,,23,26,,31
49,仁武,2025-06-24,24,6,1,,18,24,23,24
48,橋頭,2025-06-24,34,12,1,,20,26,25,34
47,美濃,2025-06-24,35,6,1,,23,14,35,25
46,臺南,2025-06-24,35,6,1,,18,21,22,35
45,安南,2025-06-24,29,6,1,,20,29,23,23
44,善化,2025-06-24,37,6,1,,17,31,20,37
43,新營,2025-06-24,23,6,1,,23,21,21,23
42,嘉義,2025-06-24,26,6,1,,17,14,26,22
41,臺西,2025-06-24,22,6,1,,18,14,,22
40,朴子,2025-06-24,29,6,0,,22,14,19,29
39,新港,2025-06-24,33,12,1,,33,21,22,26
38,崙背,2025-06-24,28,6,1,,28,17,20,24
37,斗六,2025-06-24,30,6,1,,23,17,30,25
36,南投,2025-06-24,37,19,1,,32,24,37,35
35,二林,2025-06-24,37,25,1,,37,24,25,36
34,線西,2025-06-24,29,6,1,,25,29,,26
33,彰化,2025-06-24,32,25,1,,22,31,25,32
32,西屯,2025-06-24,33,12,1,,30,29,30,33
31,忠明,2025-06-24,34,12,1,,23,26,27,34
30,大里,2025-06-24,39,12,1,,25,26,32,39
29,沙鹿,2025-06-24,27,6,1,,27,21,27,27
28,豐原,2025-06-24,38,6,2,,23,29,38,27
27,三義,2025-06-24,31,25,3,,22,26,29,31
26,苗栗,2025-06-24,31,6,1,,13,26,31,22
25,頭份,2025-06-24,31,12,1,,25,31,,29
24,新竹,2025-06-24,29,12,2,,20,29,26,24
23,竹東,2025-06-24,41,12,1,,30,21,41,29
22,湖口,2025-06-24,51,12,2,,23,51,26,36
21,龍潭,2025-06-24,48,12,2,,32,38,42,48
20,平鎮,2025-06-24,52,6,2,,32,52,44,37
19,觀音,2025-06-24,31,12,1,,20,31,24,26
18,大園,2025-06-24,33,12,2,,30,33,31,21
17,桃園,2025-06-24,56,52,3,,33,52,51,56
16,大同,2025-06-24,64,38,12,,43,64,,59
15,松山,2025-06-24,80,44,3,,30,56,80,54
14,古亭,2025-06-24,100,6,2,,40,38,100,52
13,萬華,2025-06-24,71,12,3,,40,53,71,42
12,中山,2025-06-24,67,38,5,,43,55,67,55
11,士林,2025-06-24,58,31,2,,40,40,58,44
10,淡水,2025-06-24,38,12,2,,30,31,35,38
9,林口,2025-06-24,52,12,2,,33,52,46,48
8,菜寮,2025-06-24,64,31,3,,40,53,64,49
7,新莊,2025-06-24,71,19,3,,32,38,71,53
6,板橋,2025-06-24,93,12,5,,33,52,93,39
5,土城,2025-06-24,97,12,3,,47,40,97,58
4,新店,2025-06-24,126,6,2,,38,33,126,43
2,汐止,2025-06-24,77,55,2,,38,52,77,56
1,基隆,2025-06-24,59,19,2,,30,59,46,40
139,員林,2025-06-23,35,19,1,,27,17,27,35
85,大城,2025-06-23,50,50,1,,23,26,19,27
84,富貴角,2025-06-23,38,6,1,,30,21,35,38
83,麥寮,2025-06-23,31,31,1,,27,21,,19
80,關山,2025-06-23,27,6,1,,27,7,27,17
78,馬公,2025-06-23,24,6,1,,15,21,22,24
77,金門,2025-06-23,42,25,1,,28,40,42,38
75,馬祖,2025-06-23,49,0,1,,42,14,48,49
72,埔里,2025-06-23,30,6,1,,27,10,30,23
71,復興,2025-06-23,21,6,1,,10,21,,21
70,永和,2025-06-23,57,19,8,,40,57,,52
69,竹山,2025-06-23,29,6,0,,23,10,29,19
68,中壢,2025-06-23,52,12,8,,28,52,,37
67,三重,2025-06-23,62,12,8,,37,62,,56
66,冬山,2025-06-23,40,6,2,,35,24,40,36
65,宜蘭,2025-06-23,33,6,1,,22,7,33,30
64,陽明,2025-06-23,38,6,1,,35,19,36,38
63,花蓮,2025-06-23,30,6,1,,20,7,30,29
62,臺東,2025-06-23,27,6,1,,23,10,27,23
61,恆春,2025-06-23,21,6,1,,12,10,21,17
60,潮州,2025-06-23,30,12,1,,27,24,30,22
59,屏東,2025-06-23,31,6,1,,27,14,31,22
58,小港,2025-06-23,26,6,1,,12,26,19,23
57,前鎮,2025-06-23,22,6,1,,13,21,,22
56,前金,2025-06-23,22,0,1,,13,7,22,15
54,左營,2025-06-23,21,0,1,,17,21,20,18
53,楠梓,2025-06-23,29,6,1,,22,29,21,23
52,林園,2025-06-23,28,12,1,,25,17,21,28
51,大寮,2025-06-23,29,6,1,,27,21,22,29
50,鳳山,2025-06-23,32,6,3,,20,21,,32
49,仁武,2025-06-23,24,12,1,,17,24,20,19
48,橋頭,2025-06-23,33,12,1,,18,33,22,30
47,美濃,2025-06-23,27,0,1,,18,12,27,19
46,臺南,2025-06-23,28,6,1,,17,19,19,28
45,安南,2025-06-23,24,0,1,,20,24,19,23
44,善化,2025-06-23,31,6,1,,18,31,19,29
43,新營,2025-06-23,22,0,1,,22,17,19,21
42,嘉義,2025-06-23,21,12,1,,17,17,21,14
41,臺西,2025-06-23,24,6,1,,23,12,,24
40,朴子,2025-06-23,27,6,0,,23,14,19,27
39,新港,2025-06-23,28,12,1,,28,21,22,24
38,崙背,2025-06-23,28,6,1,,28,17,19,27
37,斗六,2025-06-23,28,12,1,,23,17,28,25
36,南投,2025-06-23,31,6,1,,30,14,31,27
35,二林,2025-06-23,40,12,1,,40,21,23,33
34,線西,2025-06-23,32,6,1,,32,17,,27
33,彰化,2025-06-23,36,19,1,,25,21,21,36
32,西屯,2025-06-23,32,12,1,,32,31,28,31
31,忠明,2025-06-23,33,12,1,,23,21,27,33
30,大里,2025-06-23,38,12,1,,25,24,29,38
29,沙鹿,2025-06-23,26,6,1,,23,26,26,23
28,豐原,2025-06-23,34,6,1,,20,19,34,26
27,三義,2025-06-23,31,6,1,,20,14,31,27
26,苗栗,2025-06-23,31,12,1,,15,24,31,23
25,頭份,2025-06-23,32,12,1,,25,24,,32
24,新竹,2025-06-23,29,12,2,,18,29,27,25
23,竹東,2025-06-23,31,6,1,,27,14,31,25
22,湖口,2025-06-23,45,6,1,,25,45,29,37
21,龍潭,2025-06-23,38,12,1,,27,24,31,38
20,平鎮,2025-06-23,34,6,1,,27,29,34,31
19,觀音,2025-06-23,27,12,1,,18,26,26,27
18,大園,2025-06-23,30,6,1,,27,29,30,20
17,桃園,2025-06-23,47,19,2,,30,36,40,47
16,大同,2025-06-23,63,25,9,,40,63,,58
15,松山,2025-06-23,74,50,2,,28,53,74,51
14,古亭,2025-06-23,58,19,3,,50,51,58,53
13,萬華,2025-06-23,57,25,3,,42,57,47,37
12,中山,2025-06-23,56,31,5,,45,56,45,52
11,士林,2025-06-23,44,6,2,,42,36,44,36
10,淡水,2025-06-23,48,6,2,,42,48,36,40
9,林口,2025-06-23,45,6,2,,28,33,40,45
8,菜寮,2025-06-23,52,6,3,,40,52,48,41
7,新莊,2025-06-23,54,6,2,,33,29,54,41
6,板橋,2025-06-23,80,6,3,,35,53,80,33
5,土城,2025-06-23,54,6,2,,47,43,54,54
4,新店,2025-06-23,104,19,2,,42,43,104,45
2,汐止,2025-06-23,58,38,2,,35,43,58,52
1,基隆,2025-06-23,49,12,2,,27,29,49,31
139,員林,2025-06-22,32,12,1,,22,12,29,32
85,大城,2025-06-22,38,38,1,,22,29,20,25
84,富貴角,2025-06-22,30,0,1,,23,19,30,26
83,麥寮,2025-06-22,20,6,1,,20,17,,7
80,關山,2025-06-22,40,6,1,,40,12,23,23
78,馬公,2025-06-22,26,6,1,,8,17,26,14
77,金門,2025-06-22,34,6,1,,15,12,34,22
75,馬祖,2025-06-22,46,0,0,,40,10,46,39
72,埔里,2025-06-22,29,6,1,,20,5,29,20
71,復興,2025-06-22,29,12,1,,10,29,,15
70,永和,2025-06-22,38,6,5,,30,38,,37
69,竹山,2025-06-22,30,6,0,,23,7,30,16
68,中壢,2025-06-22,38,6,7,,22,38,,26
67,三重,2025-06-22,54,6,9,,30,54,,46
66,冬山,2025-06-22,40,12,1,,28,21,40,27
65,宜蘭,2025-06-22,32,6,1,,18,7,31,32
64,陽明,2025-06-22,31,6,1,,27,10,31,23
63,花蓮,2025-06-22,29,6,1,,17,10,29,21
62,臺東,2025-06-22,31,6,1,,22,14,31,17
61,恆春,2025-06-22,23,0,0,,7,5,23,5
60,潮州,2025-06-22,32,12,1,,22,12,32,21
59,屏東,2025-06-22,27,6,1,,22,19,27,13
58,小港,2025-06-22,29,12,1,,10,29,21,18
57,前鎮,2025-06-22,26,12,2,,17,26,,17
56,前金,2025-06-22,24,6,1,,17,24,22,11
54,左營,2025-06-22,21,6,1,,13,19,21,16
53,楠梓,2025-06-22,22,6,1,,18,21,22,22
52,林園,2025-06-22,30,19,1,,30,24,26,25
51,大寮,2025-06-22,23,19,1,,23,21,23,21
50,鳳山,2025-06-22,26,12,3,,17,19,,26
49,仁武,2025-06-22,22,12,1,,18,19,22,22
48,橋頭,2025-06-22,61,59,1,,33,19,24,61
47,美濃,2025-06-22,30,0,1,,18,7,30,9
46,臺南,2025-06-22,23,6,1,,17,19,21,23
45,安南,2025-06-22,22,0,1,,13,19,22,19
44,善化,2025-06-22,22,6,0,,12,19,19,22
43,新營,2025-06-22,44,44,1,,17,12,19,15
42,嘉義,2025-06-22,20,12,1,,13,17,20,
41,臺西,2025-06-22,23,6,1,,23,12,,17
40,朴子,2025-06-22,26,0,0,,20,12,18,26
39,新港,2025-06-22,33,12,0,,33,17,22,19
38,崙背,2025-06-22,25,19,1,,25,14,19,24
37,斗六,2025-06-22,27,6,1,,20,12,27,16
36,南投,2025-06-22,31,6,1,,27,14,31,20
35,二林,2025-06-22,37,12,1,,37,19,24,28
34,線西,2025-06-22,22,6,1,,22,14,,18
33,彰化,2025-06-22,27,19,1,,18,14,22,27
32,西屯,2025-06-22,28,19,1,,27,21,28,22
31,忠明,2025-06-22,27,12,1,,22,14,27,27
30,大里,2025-06-22,35,12,1,,18,21,29,35
29,沙鹿,2025-06-22,27,12,1,,,19,26,27
28,豐原,2025-06-22,31,6,1,,13,17,31,15
27,三義,2025-06-22,27,19,1,,15,12,27,21
26,苗栗,2025-06-22,28,12,1,,10,19,28,15
25,頭份,2025-06-22,21,12,1,,18,21,,16
24,新竹,2025-06-22,31,6,2,,12,31,24,18
23,竹東,2025-06-22,30,12,1,,27,14,30,22
22,湖口,2025-06-22,29,12,1,,15,29,24,25
21,龍潭,2025-06-22,33,12,1,,23,19,31,33
20,平鎮,2025-06-22,29,0,1,,20,26,29,19
19,觀音,2025-06-22,50,50,1,,13,24,22,21
18,大園,2025-06-22,26,6,1,,22,26,25,14
17,桃園,2025-06-22,36,6,1,,20,21,32,36
16,大同,2025-06-22,55,6,10,,30,55,,44
15,松山,2025-06-22,45,12,2,,23,45,36,35
14,古亭,2025-06-22,36,6,2,,35,29,35,36
13,萬華,2025-06-22,43,0,2,,32,43,31,22
12,中山,2025-06-22,46,6,3,,32,45,30,46
11,士林,2025-06-22,36,6,2,,30,36,33,28
10,淡水,2025-06-22,35,6,2,,35,33,30,32
9,林口,2025-06-22,34,6,1,,20,24,33,34
8,菜寮,2025-06-22,38,12,2,,33,33,35,38
7,新莊,2025-06-22,38,38,2,,22,24,37,35
6,板橋,2025-06-22,39,6,2,,25,31,39,19
5,土城,2025-06-22,38,6,2,,35,31,37,38
4,新店,2025-06-22,41,12,1,,28,24,41,31
2,汐止,2025-06-22,44,38,2,,27,43,43,44
1,基隆,2025-06-22,45,12,2,,22,45,39,26
139,員林,2025-06-21,31,6,1,,23,12,31,27
85,大城,2025-06-21,32,25,1,,32,24,20,28
84,富貴角,2025-06-21,38,6,1,,20,24,38,27
83,麥寮,2025-06-21,22,6,1,,22,19,,8
80,關山,2025-06-21,27,0,0,,27,7,17,12
78,馬公,2025-06-21,26,6,1,,8,26,19,6
77,金門,2025-06-21,29,6,0,,10,17,29,13
75,馬祖,2025-06-21,32,6,0,,32,7,30,30
72,埔里,2025-06-21,32,6,1,,20,10,32,16
71,復興,2025-06-21,25,25,1,,10,24,,10
70,永和,2025-06-21,52,6,7,,35,52,,44
69,竹山,2025-06-21,34,6,1,,27,10,34,16
68,中壢,2025-06-21,43,6,6,,27,43,,36
67,三重,2025-06-21,57,6,7,,35,57,,53
66,冬山,2025-06-21,35,12,2,,33,17,35,26
65,宜蘭,2025-06-21,29,6,1,,20,10,27,29
64,陽明,2025-06-21,34,6,1,,25,12,32,34
63,花蓮,2025-06-21,19,12,1,,15,12,17,19
62,臺東,2025-06-21,16,6,1,,15,12,16,7
61,恆春,2025-06-21,20,0,0,,12,2,20,1
60,潮州,2025-06-21,20,6,0,,20,10,20,11
59,屏東,2025-06-21,28,25,2,,28,24,24,12
58,小港,2025-06-21,52,52,1,,15,43,13,15
57,前鎮,2025-06-21,25,25,2,,15,24,,12
56,前金,2025-06-21,19,19,1,,17,19,16,8
54,左營,2025-06-21,25,25,1,,15,24,14,13
53,楠梓,2025-06-21,31,31,2,,22,31,17,16
52,林園,2025-06-21,23,6,1,,23,12,19,15
51,大寮,2025-06-21,25,19,1,,25,19,16,17
50,鳳山,2025-06-21,44,44,3,,22,21,,19
49,仁武,2025-06-21,31,31,2,,15,21,15,16
48,橋頭,2025-06-21,25,25,1,,18,21,17,23
47,美濃,2025-06-21,34,6,1,,25,14,34,13
46,臺南,2025-06-21,23,6,1,,17,21,17,23
45,安南,2025-06-21,21,6,1,,17,21,18,15
44,善化,2025-06-21,23,12,1,,17,19,19,23
43,新營,2025-06-21,22,19,1,,22,14,19,17
42,嘉義,2025-06-21,23,12,1,,20,19,23,16
41,臺西,2025-06-21,23,6,1,,23,17,,15
40,朴子,2025-06-21,28,6,1,,28,17,19,23
39,新港,2025-06-21,97,97,1,,30,21,23,16
38,崙背,2025-06-21,37,19,1,,37,24,19,29
37,斗六,2025-06-21,31,19,1,,27,12,31,19
36,南投,2025-06-21,33,6,1,,27,12,33,17
35,二林,2025-06-21,40,12,1,,40,21,24,21
34,線西,2025-06-21,27,12,1,,27,24,,16
33,彰化,2025-06-21,26,25,1,,17,17,26,21
32,西屯,2025-06-21,32,6,1,,32,21,31,21
31,忠明,2025-06-21,31,6,1,,25,17,31,28
30,大里,2025-06-21,36,6,1,,27,19,32,36
29,沙鹿,2025-06-21,29,12,1,,23,21,29,22
28,豐原,2025-06-21,37,12,1,,20,14,37,21
27,三義,2025-06-21,31,12,2,,20,24,31,20
26,苗栗,2025-06-21,32,6,1,,12,21,32,15
25,頭份,2025-06-21,25,12,1,,25,17,,25
24,新竹,2025-06-21,28,12,2,,18,26,28,22
23,竹東,2025-06-21,35,12,1,,25,14,35,24
22,湖口,2025-06-21,36,12,1,,23,36,27,33
21,龍潭,2025-06-21,40,6,1,,27,24,35,40
20,平鎮,2025-06-21,31,6,2,,27,21,31,25
19,觀音,2025-06-21,31,12,1,,20,31,26,29
18,大園,2025-06-21,28,12,1,,28,26,26,21
17,桃園,2025-06-21,43,6,2,,25,36,32,43
16,大同,2025-06-21,53,12,9,,33,53,,47
15,松山,2025-06-21,43,19,2,,27,43,39,42
14,古亭,2025-06-21,51,6,2,,45,51,34,43
13,萬華,2025-06-21,51,6,3,,37,51,31,29
12,中山,2025-06-21,50,12,3,,38,50,31,44
11,士林,2025-06-21,40,6,2,,40,36,34,39
10,淡水,2025-06-21,40,6,2,,30,40,33,36
9,林口,2025-06-21,48,6,2,,30,48,31,39
8,菜寮,2025-06-21,38,6,2,,35,38,33,38
7,新莊,2025-06-21,42,19,2,,28,36,37,42
6,板橋,2025-06-21,42,6,3,,30,40,42,28
5,土城,2025-06-21,48,6,2,,40,36,40,48
4,新店,2025-06-21,42,6,2,,33,26,42,34
2,汐止,2025-06-21,47,6,2,,32,40,43,47
1,基隆,2025-06-21,46,12,2,,32,38,46,27
139,員林,2025-06-20,49,12,2,,27,21,49,31
85,大城,2025-06-20,47,19,1,,47,21,43,39
84,富貴角,2025-06-20,30,6,1,,15,12,30,17
83,麥寮,2025-06-20,32,12,1,,32,21,,15
80,關山,2025-06-20,22,0,0,,22,7,17,14
78,馬公,2025-06-20,33,0,1,,20,21,33,19
77,金門,2025-06-20,25,6,1,,22,21,25,14
75,馬祖,2025-06-20,38,6,1,,33,21,38,37
72,埔里,2025-06-20,43,6,1,,23,12,43,20
71,復興,2025-06-20,52,31,5,,23,52,,31
70,永和,2025-06-20,52,6,8,,32,52,,38
69,竹山,2025-06-20,50,6,1,,30,21,50,23
68,中壢,2025-06-20,54,12,9,,25,54,,32
67,三重,2025-06-20,63,12,9,,33,63,,45
66,冬山,2025-06-20,31,12,1,,22,19,31,21
65,宜蘭,2025-06-20,23,0,1,,13,7,23,21
64,陽明,2025-06-20,35,25,1,,18,19,35,22
63,花蓮,2025-06-20,17,6,1,,17,12,17,17
62,臺東,2025-06-20,18,6,1,,13,10,18,8
61,恆春,2025-06-20,18,0,0,,12,2,18,1
60,潮州,2025-06-20,33,12,1,,32,12,33,29
59,屏東,2025-06-20,43,12,2,,43,24,32,33
58,小港,2025-06-20,44,44,3,,38,38,19,37
57,前鎮,2025-06-20,52,38,5,,33,52,,38
56,前金,2025-06-20,45,19,2,,32,45,24,29
54,左營,2025-06-20,38,12,3,,33,38,28,34
53,楠梓,2025-06-20,50,12,3,,43,50,32,41
52,林園,2025-06-20,42,25,2,,42,17,22,33
51,大寮,2025-06-20,44,19,3,,40,38,20,44
50,鳳山,2025-06-20,40,25,3,,33,38,,40
49,仁武,2025-06-20,43,25,3,,35,43,36,41
48,橋頭,2025-06-20,41,6,2,,35,33,31,41
47,美濃,2025-06-20,58,12,2,,40,14,58,29
46,臺南,2025-06-20,31,6,2,,30,26,31,30
45,安南,2025-06-20,33,6,2,,28,29,33,29
44,善化,2025-06-20,43,31,1,,28,21,43,37
43,新營,2025-06-20,38,6,2,,33,14,38,31
42,嘉義,2025-06-20,41,12,2,,25,21,41,17
41,臺西,2025-06-20,33,12,1,,33,14,,24
40,朴子,2025-06-20,41,31,1,,37,21,41,39
39,新港,2025-06-20,58,58,2,,42,33,38,35
38,崙背,2025-06-20,43,6,1,,43,24,34,42
37,斗六,2025-06-20,49,12,2,,32,31,49,29
36,南投,2025-06-20,47,6,1,,33,17,47,20
35,二林,2025-06-20,45,12,2,,42,24,45,32
34,線西,2025-06-20,27,12,2,,27,21,,21
33,彰化,2025-06-20,44,12,1,,22,17,44,27
32,西屯,2025-06-20,49,12,1,,33,33,49,30
31,忠明,2025-06-20,47,6,2,,27,29,47,31
30,大里,2025-06-20,51,6,2,,28,26,51,35
29,沙鹿,2025-06-20,46,31,2,,27,33,46,30
28,豐原,2025-06-20,64,19,2,,23,19,64,26
27,三義,2025-06-20,51,12,1,,22,17,51,27
26,苗栗,2025-06-20,48,6,1,,15,19,48,21
25,頭份,2025-06-20,27,6,1,,27,19,,25
24,新竹,2025-06-20,50,12,2,,23,50,44,25
23,竹東,2025-06-20,46,12,1,,27,14,46,28
22,湖口,2025-06-20,50,6,1,,23,50,37,25
21,龍潭,2025-06-20,44,19,2,,27,38,44,41
20,平鎮,2025-06-20,50,6,1,,23,50,40,23
19,觀音,2025-06-20,35,6,0,,13,17,35,17
18,大園,2025-06-20,33,6,1,,25,26,33,12
17,桃園,2025-06-20,44,19,2,,23,43,44,42
16,大同,2025-06-20,68,12,18,,28,68,,45
15,松山,2025-06-20,55,12,2,,15,55,44,29
14,古亭,2025-06-20,48,6,3,,28,48,47,31
13,萬華,2025-06-20,56,6,5,,30,56,41,27
12,中山,2025-06-20,56,12,5,,28,56,38,40
11,士林,2025-06-20,48,12,2,,28,48,41,25
10,淡水,2025-06-20,43,12,2,,23,43,35,23
9,林口,2025-06-20,40,12,1,,20,40,36,31
8,菜寮,2025-06-20,58,12,6,,30,58,40,33
7,新莊,2025-06-20,50,19,3,,30,50,40,35
6,板橋,2025-06-20,55,6,5,,27,55,48,27
5,土城,2025-06-20,52,6,3,,40,52,45,47
4,新店,2025-06-20,71,6,2,,30,36,71,29
2,汐止,2025-06-20,45,19,2,,22,45,37,34
1,基隆,2025-06-20,26,6,1,,17,21,26,10
139,員林,2025-06-19,50,50,2,,28,21,44,33
85,大城,2025-06-19,38,12,1,,32,29,38,31
84,富貴角,2025-06-19,29,19,1,,18,17,29,23
83,麥寮,2025-06-19,37,25,1,,37,24,,17
80,關山,2025-06-19,33,6,0,,33,7,11,15
78,馬公,2025-06-19,31,6,1,,25,24,31,11
77,金門,2025-06-19,21,6,1,,17,21,18,18
75,馬祖,2025-06-19,38,0,1,,27,21,38,31
72,埔里,2025-06-19,45,6,1,,25,10,45,15
71,復興,2025-06-19,55,38,3,,25,55,,25
70,永和,2025-06-19,40,6,6,,25,40,,28
69,竹山,2025-06-19,58,6,1,,33,14,58,17
68,中壢,2025-06-19,60,12,10,,28,60,,26
67,三重,2025-06-19,60,19,8,,28,60,,44
66,冬山,2025-06-19,28,6,2,,28,21,17,21
65,宜蘭,2025-06-19,29,0,1,,20,7,14,29
64,陽明,2025-06-19,38,38,1,,18,12,25,12
63,花蓮,2025-06-19,44,44,1,,17,10,16,17
62,臺東,2025-06-19,24,0,1,,17,24,15,8
61,恆春,2025-06-19,13,0,0,,10,2,13,2
60,潮州,2025-06-19,43,6,1,,38,17,43,27
59,屏東,2025-06-19,64,12,3,,42,36,64,29
58,小港,2025-06-19,52,50,3,,42,52,19,30
57,前鎮,2025-06-19,55,38,3,,32,55,,30
56,前金,2025-06-19,57,31,3,,38,57,20,26
54,左營,2025-06-19,48,12,3,,38,48,32,31
53,楠梓,2025-06-19,58,19,3,,48,53,58,42
52,林園,2025-06-19,42,12,1,,42,19,37,26
51,大寮,2025-06-19,53,53,2,,52,33,25,35
50,鳳山,2025-06-19,52,25,5,,35,52,,35
49,仁武,2025-06-19,52,19,3,,40,52,46,38
48,橋頭,2025-06-19,80,19,2,,38,36,80,44
47,美濃,2025-06-19,46,6,2,,32,17,46,18
46,臺南,2025-06-19,42,12,2,,33,33,42,32
45,安南,2025-06-19,43,12,2,,37,43,43,31
44,善化,2025-06-19,43,38,1,,25,17,43,27
43,新營,2025-06-19,40,12,1,,37,26,40,25
42,嘉義,2025-06-19,40,12,1,,22,19,40,13
41,臺西,2025-06-19,37,25,1,,37,21,,25
40,朴子,2025-06-19,43,6,1,,35,21,43,31
39,新港,2025-06-19,45,25,1,,45,21,42,31
38,崙背,2025-06-19,40,6,1,,40,26,33,28
37,斗六,2025-06-19,45,12,1,,28,19,45,22
36,南投,2025-06-19,61,6,1,,32,14,61,19
35,二林,2025-06-19,38,12,1,,38,21,35,30
34,線西,2025-06-19,32,12,1,,32,24,,20
33,彰化,2025-06-19,34,19,3,,23,24,34,28
32,西屯,2025-06-19,42,6,2,,35,36,42,33
31,忠明,2025-06-19,42,6,2,,27,31,42,28
30,大里,2025-06-19,51,6,2,,27,24,51,33
29,沙鹿,2025-06-19,48,12,1,,23,48,42,26
28,豐原,2025-06-19,45,12,1,,22,17,45,18
27,三義,2025-06-19,43,6,1,,15,21,43,21
26,苗栗,2025-06-19,42,31,2,,18,29,42,17
25,頭份,2025-06-19,33,12,2,,27,33,,30
24,新竹,2025-06-19,40,12,2,,18,40,37,20
23,竹東,2025-06-19,34,6,1,,22,17,34,18
22,湖口,2025-06-19,33,12,1,,20,26,33,19
21,龍潭,2025-06-19,40,19,2,,25,40,33,26
20,平鎮,2025-06-19,43,6,2,,25,43,32,21
19,觀音,2025-06-19,45,19,2,,22,45,33,31
18,大園,2025-06-19,50,12,2,,30,50,33,24
17,桃園,2025-06-19,38,31,3,,22,38,35,38
16,大同,2025-06-19,57,6,9,,30,57,,36
